{"title":"House","status":"live","creator":"https://cosm.com/users/kaneohe1450","datastreams":[{"at":"2012-06-21T22:23:27.725649Z","tags":["Mains"],"unit":{"type":"derivedSI","label":"W"},"max_value":"16958.0","current_value":"820","id":"0","min_value":"0.0"},{"at":"2012-06-21T22:23:27.725649Z","tags":["Rental"],"unit":{"type":"derivedSI","label":"W"},"max_value":"12428.0","current_value":"123","id":"1","min_value":"0.0"},{"at":"2012-06-21T22:23:27.725649Z","tags":["Office"],"unit":{"type":"derivedSI","label":"W"},"max_value":"638.0","current_value":"315","id":"2","min_value":"0.0"},{"at":"2012-06-21T22:23:27.725649Z","tags":["Refrig"],"unit":{"type":"derivedSI","label":"W"},"max_value":"838.0","current_value":"74","id":"3","min_value":"0.0"},{"at":"2012-06-21T22:23:27.725649Z","tags":["Freezer"],"unit":{"type":"derivedSI","label":"W"},"max_value":"2530.0","current_value":"140","id":"4","min_value":"0.0"},{"at":"2012-06-21T22:23:27.725649Z","tags":["M Bedroom"],"unit":{"type":"derivedSI","label":"W"},"max_value":"1444.0","current_value":"40","id":"5","min_value":"0.0"},{"at":"2012-06-21T22:23:27.725649Z","tags":["Water Heater"],"unit":{"type":"derivedSI","label":"W"},"max_value":"5189.0","current_value":"0","id":"6","min_value":"0.0"}],"location":{"domain":"physical","lat":20.632784250388,"lon":-158.203125},"created":"2012-02-25T03:26:13.453958Z","feed":"https://api.cosm.com/v2/feeds/49679.json","private":"false","id":49679,"version":"1.0.0","updated":"2012-06-21T22:23:27.754273Z"}
